id,firstName,lastName
id_999,firstName_999,lastName_999
id_998,firstName_998,lastName_998
id_997,firstName_997,lastName_997
id_996,firstName_996,lastName_996
id_995,firstName_995,lastName_995
id_994,firstName_994,lastName_994
id_993,firstName_993,lastName_993
id_992,firstName_992,lastName_992
id_991,firstName_991,lastName_991
id_990,firstName_990,lastName_990
id_989,firstName_989,lastName_989
id_988,firstName_988,lastName_988
id_987,firstName_987,lastName_987
id_986,firstName_986,lastName_986
id_985,firstName_985,lastName_985
id_984,firstName_984,lastName_984
id_983,firstName_983,lastName_983
id_982,firstName_982,lastName_982
id_981,firstName_981,lastName_981
id_980,firstName_980,lastName_980
id_979,firstName_979,lastName_979
id_978,firstName_978,lastName_978
id_977,firstName_977,lastName_977
id_976,firstName_976,lastName_976
id_975,firstName_975,lastName_975
id_974,firstName_974,lastName_974
id_973,firstName_973,lastName_973
id_972,firstName_972,lastName_972
id_971,firstName_971,lastName_971
id_970,firstName_970,lastName_970
id_969,firstName_969,lastName_969
id_968,firstName_968,lastName_968
id_967,firstName_967,lastName_967
id_966,firstName_966,lastName_966
id_965,firstName_965,lastName_965
id_964,firstName_964,lastName_964
id_963,firstName_963,lastName_963
id_962,firstName_962,lastName_962
id_961,firstName_961,lastName_961
id_960,firstName_960,lastName_960
id_959,firstName_959,lastName_959
id_958,firstName_958,lastName_958
id_957,firstName_957,lastName_957
id_956,firstName_956,lastName_956
id_955,firstName_955,lastName_955
id_954,firstName_954,lastName_954
id_953,firstName_953,lastName_953
id_952,firstName_952,lastName_952
id_951,firstName_951,lastName_951
id_950,firstName_950,lastName_950
id_949,firstName_949,lastName_949
id_948,firstName_948,lastName_948
id_947,firstName_947,lastName_947
id_946,firstName_946,lastName_946
id_945,firstName_945,lastName_945
id_944,firstName_944,lastName_944
id_943,firstName_943,lastName_943
id_942,firstName_942,lastName_942
id_941,firstName_941,lastName_941
id_940,firstName_940,lastName_940
id_939,firstName_939,lastName_939
id_938,firstName_938,lastName_938
id_937,firstName_937,lastName_937
id_936,firstName_936,lastName_936
id_935,firstName_935,lastName_935
id_934,firstName_934,lastName_934
id_933,firstName_933,lastName_933
id_932,firstName_932,lastName_932
id_931,firstName_931,lastName_931
id_930,firstName_930,lastName_930
id_929,firstName_929,lastName_929
id_928,firstName_928,lastName_928
id_927,firstName_927,lastName_927
id_926,firstName_926,lastName_926
id_925,firstName_925,lastName_925
id_924,firstName_924,lastName_924
id_923,firstName_923,lastName_923
id_922,firstName_922,lastName_922
id_921,firstName_921,lastName_921
id_920,firstName_920,lastName_920
id_919,firstName_919,lastName_919
id_918,firstName_918,lastName_918
id_917,firstName_917,lastName_917
id_916,firstName_916,lastName_916
id_915,firstName_915,lastName_915
id_914,firstName_914,lastName_914
id_913,firstName_913,lastName_913
id_912,firstName_912,lastName_912
id_911,firstName_911,lastName_911
id_910,firstName_910,lastName_910
id_909,firstName_909,lastName_909
id_908,firstName_908,lastName_908
id_907,firstName_907,lastName_907
id_906,firstName_906,lastName_906
id_905,firstName_905,lastName_905
id_904,firstName_904,lastName_904
id_903,firstName_903,lastName_903
id_902,firstName_902,lastName_902
id_901,firstName_901,lastName_901
id_900,firstName_900,lastName_900
id_899,firstName_899,lastName_899
id_898,firstName_898,lastName_898
id_897,firstName_897,lastName_897
id_896,firstName_896,lastName_896
id_895,firstName_895,lastName_895
id_894,firstName_894,lastName_894
id_893,firstName_893,lastName_893
id_892,firstName_892,lastName_892
id_891,firstName_891,lastName_891
id_890,firstName_890,lastName_890
id_889,firstName_889,lastName_889
id_888,firstName_888,lastName_888
id_887,firstName_887,lastName_887
id_886,firstName_886,lastName_886
id_885,firstName_885,lastName_885
id_884,firstName_884,lastName_884
id_883,firstName_883,lastName_883
id_882,firstName_882,lastName_882
id_881,firstName_881,lastName_881
id_880,firstName_880,lastName_880
id_879,firstName_879,lastName_879
id_878,firstName_878,lastName_878
id_877,firstName_877,lastName_877
id_876,firstName_876,lastName_876
id_875,firstName_875,lastName_875
id_874,firstName_874,lastName_874
id_873,firstName_873,lastName_873
id_872,firstName_872,lastName_872
id_871,firstName_871,lastName_871
id_870,firstName_870,lastName_870
id_869,firstName_869,lastName_869
id_868,firstName_868,lastName_868
id_867,firstName_867,lastName_867
id_866,firstName_866,lastName_866
id_865,firstName_865,lastName_865
id_864,firstName_864,lastName_864
id_863,firstName_863,lastName_863
id_862,firstName_862,lastName_862
id_861,firstName_861,lastName_861
id_860,firstName_860,lastName_860
id_859,firstName_859,lastName_859
id_858,firstName_858,lastName_858
id_857,firstName_857,lastName_857
id_856,firstName_856,lastName_856
id_855,firstName_855,lastName_855
id_854,firstName_854,lastName_854
id_853,firstName_853,lastName_853
id_852,firstName_852,lastName_852
id_851,firstName_851,lastName_851
id_850,firstName_850,lastName_850
id_849,firstName_849,lastName_849
id_848,firstName_848,lastName_848
id_847,firstName_847,lastName_847
id_846,firstName_846,lastName_846
id_845,firstName_845,lastName_845
id_844,firstName_844,lastName_844
id_843,firstName_843,lastName_843
id_842,firstName_842,lastName_842
id_841,firstName_841,lastName_841
id_840,firstName_840,lastName_840
id_839,firstName_839,lastName_839
id_838,firstName_838,lastName_838
id_837,firstName_837,lastName_837
id_836,firstName_836,lastName_836
id_835,firstName_835,lastName_835
id_834,firstName_834,lastName_834
id_833,firstName_833,lastName_833
id_832,firstName_832,lastName_832
id_831,firstName_831,lastName_831
id_830,firstName_830,lastName_830
id_829,firstName_829,lastName_829
id_828,firstName_828,lastName_828
id_827,firstName_827,lastName_827
id_826,firstName_826,lastName_826
id_825,firstName_825,lastName_825
id_824,firstName_824,lastName_824
id_823,firstName_823,lastName_823
id_822,firstName_822,lastName_822
id_821,firstName_821,lastName_821
id_820,firstName_820,lastName_820
id_819,firstName_819,lastName_819
id_818,firstName_818,lastName_818
id_817,firstName_817,lastName_817
id_816,firstName_816,lastName_816
id_815,firstName_815,lastName_815
id_814,firstName_814,lastName_814
id_813,firstName_813,lastName_813
id_812,firstName_812,lastName_812
id_811,firstName_811,lastName_811
id_810,firstName_810,lastName_810
id_809,firstName_809,lastName_809
id_808,firstName_808,lastName_808
id_807,firstName_807,lastName_807
id_806,firstName_806,lastName_806
id_805,firstName_805,lastName_805
id_804,firstName_804,lastName_804
id_803,firstName_803,lastName_803
id_802,firstName_802,lastName_802
id_801,firstName_801,lastName_801
id_800,firstName_800,lastName_800
id_799,firstName_799,lastName_799
id_798,firstName_798,lastName_798
id_797,firstName_797,lastName_797
id_796,firstName_796,lastName_796
id_795,firstName_795,lastName_795
id_794,firstName_794,lastName_794
id_793,firstName_793,lastName_793
id_792,firstName_792,lastName_792
id_791,firstName_791,lastName_791
id_790,firstName_790,lastName_790
id_789,firstName_789,lastName_789
id_788,firstName_788,lastName_788
id_787,firstName_787,lastName_787
id_786,firstName_786,lastName_786
id_785,firstName_785,lastName_785
id_784,firstName_784,lastName_784
id_783,firstName_783,lastName_783
id_782,firstName_782,lastName_782
id_781,firstName_781,lastName_781
id_780,firstName_780,lastName_780
id_779,firstName_779,lastName_779
id_778,firstName_778,lastName_778
id_777,firstName_777,lastName_777
id_776,firstName_776,lastName_776
id_775,firstName_775,lastName_775
id_774,firstName_774,lastName_774
id_773,firstName_773,lastName_773
id_772,firstName_772,lastName_772
id_771,firstName_771,lastName_771
id_770,firstName_770,lastName_770
id_769,firstName_769,lastName_769
id_768,firstName_768,lastName_768
id_767,firstName_767,lastName_767
id_766,firstName_766,lastName_766
id_765,firstName_765,lastName_765
id_764,firstName_764,lastName_764
id_763,firstName_763,lastName_763
id_762,firstName_762,lastName_762
id_761,firstName_761,lastName_761
id_760,firstName_760,lastName_760
id_759,firstName_759,lastName_759
id_758,firstName_758,lastName_758
id_757,firstName_757,lastName_757
id_756,firstName_756,lastName_756
id_755,firstName_755,lastName_755
id_754,firstName_754,lastName_754
id_753,firstName_753,lastName_753
id_752,firstName_752,lastName_752
id_751,firstName_751,lastName_751
id_750,firstName_750,lastName_750
id_749,firstName_749,lastName_749
id_748,firstName_748,lastName_748
id_747,firstName_747,lastName_747
id_746,firstName_746,lastName_746
id_745,firstName_745,lastName_745
id_744,firstName_744,lastName_744
id_743,firstName_743,lastName_743
id_742,firstName_742,lastName_742
id_741,firstName_741,lastName_741
id_740,firstName_740,lastName_740
id_739,firstName_739,lastName_739
id_738,firstName_738,lastName_738
id_737,firstName_737,lastName_737
id_736,firstName_736,lastName_736
id_735,firstName_735,lastName_735
id_734,firstName_734,lastName_734
id_733,firstName_733,lastName_733
id_732,firstName_732,lastName_732
id_731,firstName_731,lastName_731
id_730,firstName_730,lastName_730
id_729,firstName_729,lastName_729
id_728,firstName_728,lastName_728
id_727,firstName_727,lastName_727
id_726,firstName_726,lastName_726
id_725,firstName_725,lastName_725
id_724,firstName_724,lastName_724
id_723,firstName_723,lastName_723
id_722,firstName_722,lastName_722
id_721,firstName_721,lastName_721
id_720,firstName_720,lastName_720
id_719,firstName_719,lastName_719
id_718,firstName_718,lastName_718
id_717,firstName_717,lastName_717
id_716,firstName_716,lastName_716
id_715,firstName_715,lastName_715
id_714,firstName_714,lastName_714
id_713,firstName_713,lastName_713
id_712,firstName_712,lastName_712
id_711,firstName_711,lastName_711
id_710,firstName_710,lastName_710
id_709,firstName_709,lastName_709
id_708,firstName_708,lastName_708
id_707,firstName_707,lastName_707
id_706,firstName_706,lastName_706
id_705,firstName_705,lastName_705
id_704,firstName_704,lastName_704
id_703,firstName_703,lastName_703
id_702,firstName_702,lastName_702
id_701,firstName_701,lastName_701
id_700,firstName_700,lastName_700
id_699,firstName_699,lastName_699
id_698,firstName_698,lastName_698
id_697,firstName_697,lastName_697
id_696,firstName_696,lastName_696
id_695,firstName_695,lastName_695
id_694,firstName_694,lastName_694
id_693,firstName_693,lastName_693
id_692,firstName_692,lastName_692
id_691,firstName_691,lastName_691
id_690,firstName_690,lastName_690
id_689,firstName_689,lastName_689
id_688,firstName_688,lastName_688
id_687,firstName_687,lastName_687
id_686,firstName_686,lastName_686
id_685,firstName_685,lastName_685
id_684,firstName_684,lastName_684
id_683,firstName_683,lastName_683
id_682,firstName_682,lastName_682
id_681,firstName_681,lastName_681
id_680,firstName_680,lastName_680
id_679,firstName_679,lastName_679
id_678,firstName_678,lastName_678
id_677,firstName_677,lastName_677
id_676,firstName_676,lastName_676
id_675,firstName_675,lastName_675
id_674,firstName_674,lastName_674
id_673,firstName_673,lastName_673
id_672,firstName_672,lastName_672
id_671,firstName_671,lastName_671
id_670,firstName_670,lastName_670
id_669,firstName_669,lastName_669
id_668,firstName_668,lastName_668
id_667,firstName_667,lastName_667
id_666,firstName_666,lastName_666
id_665,firstName_665,lastName_665
id_664,firstName_664,lastName_664
id_663,firstName_663,lastName_663
id_662,firstName_662,lastName_662
id_661,firstName_661,lastName_661
id_660,firstName_660,lastName_660
id_659,firstName_659,lastName_659
id_658,firstName_658,lastName_658
id_657,firstName_657,lastName_657
id_656,firstName_656,lastName_656
id_655,firstName_655,lastName_655
id_654,firstName_654,lastName_654
id_653,firstName_653,lastName_653
id_652,firstName_652,lastName_652
id_651,firstName_651,lastName_651
id_650,firstName_650,lastName_650
id_649,firstName_649,lastName_649
id_648,firstName_648,lastName_648
id_647,firstName_647,lastName_647
id_646,firstName_646,lastName_646
id_645,firstName_645,lastName_645
id_644,firstName_644,lastName_644
id_643,firstName_643,lastName_643
id_642,firstName_642,lastName_642
id_641,firstName_641,lastName_641
id_640,firstName_640,lastName_640
id_639,firstName_639,lastName_639
id_638,firstName_638,lastName_638
id_637,firstName_637,lastName_637
id_636,firstName_636,lastName_636
id_635,firstName_635,lastName_635
id_634,firstName_634,lastName_634
id_633,firstName_633,lastName_633
id_632,firstName_632,lastName_632
id_631,firstName_631,lastName_631
id_630,firstName_630,lastName_630
id_629,firstName_629,lastName_629
id_628,firstName_628,lastName_628
id_627,firstName_627,lastName_627
id_626,firstName_626,lastName_626
id_625,firstName_625,lastName_625
id_624,firstName_624,lastName_624
id_623,firstName_623,lastName_623
id_622,firstName_622,lastName_622
id_621,firstName_621,lastName_621
id_620,firstName_620,lastName_620
id_619,firstName_619,lastName_619
id_618,firstName_618,lastName_618
id_617,firstName_617,lastName_617
id_616,firstName_616,lastName_616
id_615,firstName_615,lastName_615
id_614,firstName_614,lastName_614
id_613,firstName_613,lastName_613
id_612,firstName_612,lastName_612
id_611,firstName_611,lastName_611
id_610,firstName_610,lastName_610
id_609,firstName_609,lastName_609
id_608,firstName_608,lastName_608
id_607,firstName_607,lastName_607
id_606,firstName_606,lastName_606
id_605,firstName_605,lastName_605
id_604,firstName_604,lastName_604
id_603,firstName_603,lastName_603
id_602,firstName_602,lastName_602
id_601,firstName_601,lastName_601
id_600,firstName_600,lastName_600
id_599,firstName_599,lastName_599
id_598,firstName_598,lastName_598
id_597,firstName_597,lastName_597
id_596,firstName_596,lastName_596
id_595,firstName_595,lastName_595
id_594,firstName_594,lastName_594
id_593,firstName_593,lastName_593
id_592,firstName_592,lastName_592
id_591,firstName_591,lastName_591
id_590,firstName_590,lastName_590
id_589,firstName_589,lastName_589
id_588,firstName_588,lastName_588
id_587,firstName_587,lastName_587
id_586,firstName_586,lastName_586
id_585,firstName_585,lastName_585
id_584,firstName_584,lastName_584
id_583,firstName_583,lastName_583
id_582,firstName_582,lastName_582
id_581,firstName_581,lastName_581
id_580,firstName_580,lastName_580
id_579,firstName_579,lastName_579
id_578,firstName_578,lastName_578
id_577,firstName_577,lastName_577
id_576,firstName_576,lastName_576
id_575,firstName_575,lastName_575
id_574,firstName_574,lastName_574
id_573,firstName_573,lastName_573
id_572,firstName_572,lastName_572
id_571,firstName_571,lastName_571
id_570,firstName_570,lastName_570
id_569,firstName_569,lastName_569
id_568,firstName_568,lastName_568
id_567,firstName_567,lastName_567
id_566,firstName_566,lastName_566
id_565,firstName_565,lastName_565
id_564,firstName_564,lastName_564
id_563,firstName_563,lastName_563
id_562,firstName_562,lastName_562
id_561,firstName_561,lastName_561
id_560,firstName_560,lastName_560
id_559,firstName_559,lastName_559
id_558,firstName_558,lastName_558
id_557,firstName_557,lastName_557
id_556,firstName_556,lastName_556
id_555,firstName_555,lastName_555
id_554,firstName_554,lastName_554
id_553,firstName_553,lastName_553
id_552,firstName_552,lastName_552
id_551,firstName_551,lastName_551
id_550,firstName_550,lastName_550
id_549,firstName_549,lastName_549
id_548,firstName_548,lastName_548
id_547,firstName_547,lastName_547
id_546,firstName_546,lastName_546
id_545,firstName_545,lastName_545
id_544,firstName_544,lastName_544
id_543,firstName_543,lastName_543
id_542,firstName_542,lastName_542
id_541,firstName_541,lastName_541
id_540,firstName_540,lastName_540
id_539,firstName_539,lastName_539
id_538,firstName_538,lastName_538
id_537,firstName_537,lastName_537
id_536,firstName_536,lastName_536
id_535,firstName_535,lastName_535
id_534,firstName_534,lastName_534
id_533,firstName_533,lastName_533
id_532,firstName_532,lastName_532
id_531,firstName_531,lastName_531
id_530,firstName_530,lastName_530
id_529,firstName_529,lastName_529
id_528,firstName_528,lastName_528
id_527,firstName_527,lastName_527
id_526,firstName_526,lastName_526
id_525,firstName_525,lastName_525
id_524,firstName_524,lastName_524
id_523,firstName_523,lastName_523
id_522,firstName_522,lastName_522
id_521,firstName_521,lastName_521
id_520,firstName_520,lastName_520
id_519,firstName_519,lastName_519
id_518,firstName_518,lastName_518
id_517,firstName_517,lastName_517
id_516,firstName_516,lastName_516
id_515,firstName_515,lastName_515
id_514,firstName_514,lastName_514
id_513,firstName_513,lastName_513
id_512,firstName_512,lastName_512
id_511,firstName_511,lastName_511
id_510,firstName_510,lastName_510
id_509,firstName_509,lastName_509
id_508,firstName_508,lastName_508
id_507,firstName_507,lastName_507
id_506,firstName_506,lastName_506
id_505,firstName_505,lastName_505
id_504,firstName_504,lastName_504
id_503,firstName_503,lastName_503
id_502,firstName_502,lastName_502
id_501,firstName_501,lastName_501
id_500,firstName_500,lastName_500
id_499,firstName_499,lastName_499
id_498,firstName_498,lastName_498
id_497,firstName_497,lastName_497
id_496,firstName_496,lastName_496
id_495,firstName_495,lastName_495
id_494,firstName_494,lastName_494
id_493,firstName_493,lastName_493
id_492,firstName_492,lastName_492
id_491,firstName_491,lastName_491
id_490,firstName_490,lastName_490
id_489,firstName_489,lastName_489
id_488,firstName_488,lastName_488
id_487,firstName_487,lastName_487
id_486,firstName_486,lastName_486
id_485,firstName_485,lastName_485
id_484,firstName_484,lastName_484
id_483,firstName_483,lastName_483
id_482,firstName_482,lastName_482
id_481,firstName_481,lastName_481
id_480,firstName_480,lastName_480
id_479,firstName_479,lastName_479
id_478,firstName_478,lastName_478
id_477,firstName_477,lastName_477
id_476,firstName_476,lastName_476
id_475,firstName_475,lastName_475
id_474,firstName_474,lastName_474
id_473,firstName_473,lastName_473
id_472,firstName_472,lastName_472
id_471,firstName_471,lastName_471
id_470,firstName_470,lastName_470
id_469,firstName_469,lastName_469
id_468,firstName_468,lastName_468
id_467,firstName_467,lastName_467
id_466,firstName_466,lastName_466
id_465,firstName_465,lastName_465
id_464,firstName_464,lastName_464
id_463,firstName_463,lastName_463
id_462,firstName_462,lastName_462
id_461,firstName_461,lastName_461
id_460,firstName_460,lastName_460
id_459,firstName_459,lastName_459
id_458,firstName_458,lastName_458
id_457,firstName_457,lastName_457
id_456,firstName_456,lastName_456
id_455,firstName_455,lastName_455
id_454,firstName_454,lastName_454
id_453,firstName_453,lastName_453
id_452,firstName_452,lastName_452
id_451,firstName_451,lastName_451
id_450,firstName_450,lastName_450
id_449,firstName_449,lastName_449
id_448,firstName_448,lastName_448
id_447,firstName_447,lastName_447
id_446,firstName_446,lastName_446
id_445,firstName_445,lastName_445
id_444,firstName_444,lastName_444
id_443,firstName_443,lastName_443
id_442,firstName_442,lastName_442
id_441,firstName_441,lastName_441
id_440,firstName_440,lastName_440
id_439,firstName_439,lastName_439
id_438,firstName_438,lastName_438
id_437,firstName_437,lastName_437
id_436,firstName_436,lastName_436
id_435,firstName_435,lastName_435
id_434,firstName_434,lastName_434
id_433,firstName_433,lastName_433
id_432,firstName_432,lastName_432
id_431,firstName_431,lastName_431
id_430,firstName_430,lastName_430
id_429,firstName_429,lastName_429
id_428,firstName_428,lastName_428
id_427,firstName_427,lastName_427
id_426,firstName_426,lastName_426
id_425,firstName_425,lastName_425
id_424,firstName_424,lastName_424
id_423,firstName_423,lastName_423
id_422,firstName_422,lastName_422
id_421,firstName_421,lastName_421
id_420,firstName_420,lastName_420
id_419,firstName_419,lastName_419
id_418,firstName_418,lastName_418
id_417,firstName_417,lastName_417
id_416,firstName_416,lastName_416
id_415,firstName_415,lastName_415
id_414,firstName_414,lastName_414
id_413,firstName_413,lastName_413
id_412,firstName_412,lastName_412
id_411,firstName_411,lastName_411
id_410,firstName_410,lastName_410
id_409,firstName_409,lastName_409
id_408,firstName_408,lastName_408
id_407,firstName_407,lastName_407
id_406,firstName_406,lastName_406
id_405,firstName_405,lastName_405
id_404,firstName_404,lastName_404
id_403,firstName_403,lastName_403
id_402,firstName_402,lastName_402
id_401,firstName_401,lastName_401
id_400,firstName_400,lastName_400
id_399,firstName_399,lastName_399
id_398,firstName_398,lastName_398
id_397,firstName_397,lastName_397
id_396,firstName_396,lastName_396
id_395,firstName_395,lastName_395
id_394,firstName_394,lastName_394
id_393,firstName_393,lastName_393
id_392,firstName_392,lastName_392
id_391,firstName_391,lastName_391
id_390,firstName_390,lastName_390
id_389,firstName_389,lastName_389
id_388,firstName_388,lastName_388
id_387,firstName_387,lastName_387
id_386,firstName_386,lastName_386
id_385,firstName_385,lastName_385
id_384,firstName_384,lastName_384
id_383,firstName_383,lastName_383
id_382,firstName_382,lastName_382
id_381,firstName_381,lastName_381
id_380,firstName_380,lastName_380
id_379,firstName_379,lastName_379
id_378,firstName_378,lastName_378
id_377,firstName_377,lastName_377
id_376,firstName_376,lastName_376
id_375,firstName_375,lastName_375
id_374,firstName_374,lastName_374
id_373,firstName_373,lastName_373
id_372,firstName_372,lastName_372
id_371,firstName_371,lastName_371
id_370,firstName_370,lastName_370
id_369,firstName_369,lastName_369
id_368,firstName_368,lastName_368
id_367,firstName_367,lastName_367
id_366,firstName_366,lastName_366
id_365,firstName_365,lastName_365
id_364,firstName_364,lastName_364
id_363,firstName_363,lastName_363
id_362,firstName_362,lastName_362
id_361,firstName_361,lastName_361
id_360,firstName_360,lastName_360
id_359,firstName_359,lastName_359
id_358,firstName_358,lastName_358
id_357,firstName_357,lastName_357
id_356,firstName_356,lastName_356
id_355,firstName_355,lastName_355
id_354,firstName_354,lastName_354
id_353,firstName_353,lastName_353
id_352,firstName_352,lastName_352
id_351,firstName_351,lastName_351
id_350,firstName_350,lastName_350
id_349,firstName_349,lastName_349
id_348,firstName_348,lastName_348
id_347,firstName_347,lastName_347
id_346,firstName_346,lastName_346
id_345,firstName_345,lastName_345
id_344,firstName_344,lastName_344
id_343,firstName_343,lastName_343
id_342,firstName_342,lastName_342
id_341,firstName_341,lastName_341
id_340,firstName_340,lastName_340
id_339,firstName_339,lastName_339
id_338,firstName_338,lastName_338
id_337,firstName_337,lastName_337
id_336,firstName_336,lastName_336
id_335,firstName_335,lastName_335
id_334,firstName_334,lastName_334
id_333,firstName_333,lastName_333
id_332,firstName_332,lastName_332
id_331,firstName_331,lastName_331
id_330,firstName_330,lastName_330
id_329,firstName_329,lastName_329
id_328,firstName_328,lastName_328
id_327,firstName_327,lastName_327
id_326,firstName_326,lastName_326
id_325,firstName_325,lastName_325
id_324,firstName_324,lastName_324
id_323,firstName_323,lastName_323
id_322,firstName_322,lastName_322
id_321,firstName_321,lastName_321
id_320,firstName_320,lastName_320
id_319,firstName_319,lastName_319
id_318,firstName_318,lastName_318
id_317,firstName_317,lastName_317
id_316,firstName_316,lastName_316
id_315,firstName_315,lastName_315
id_314,firstName_314,lastName_314
id_313,firstName_313,lastName_313
id_312,firstName_312,lastName_312
id_311,firstName_311,lastName_311
id_310,firstName_310,lastName_310
id_309,firstName_309,lastName_309
id_308,firstName_308,lastName_308
id_307,firstName_307,lastName_307
id_306,firstName_306,lastName_306
id_305,firstName_305,lastName_305
id_304,firstName_304,lastName_304
id_303,firstName_303,lastName_303
id_302,firstName_302,lastName_302
id_301,firstName_301,lastName_301
id_300,firstName_300,lastName_300
id_299,firstName_299,lastName_299
id_298,firstName_298,lastName_298
id_297,firstName_297,lastName_297
id_296,firstName_296,lastName_296
id_295,firstName_295,lastName_295
id_294,firstName_294,lastName_294
id_293,firstName_293,lastName_293
id_292,firstName_292,lastName_292
id_291,firstName_291,lastName_291
id_290,firstName_290,lastName_290
id_289,firstName_289,lastName_289
id_288,firstName_288,lastName_288
id_287,firstName_287,lastName_287
id_286,firstName_286,lastName_286
id_285,firstName_285,lastName_285
id_284,firstName_284,lastName_284
id_283,firstName_283,lastName_283
id_282,firstName_282,lastName_282
id_281,firstName_281,lastName_281
id_280,firstName_280,lastName_280
id_279,firstName_279,lastName_279
id_278,firstName_278,lastName_278
id_277,firstName_277,lastName_277
id_276,firstName_276,lastName_276
id_275,firstName_275,lastName_275
id_274,firstName_274,lastName_274
id_273,firstName_273,lastName_273
id_272,firstName_272,lastName_272
id_271,firstName_271,lastName_271
id_270,firstName_270,lastName_270
id_269,firstName_269,lastName_269
id_268,firstName_268,lastName_268
id_267,firstName_267,lastName_267
id_266,firstName_266,lastName_266
id_265,firstName_265,lastName_265
id_264,firstName_264,lastName_264
id_263,firstName_263,lastName_263
id_262,firstName_262,lastName_262
id_261,firstName_261,lastName_261
id_260,firstName_260,lastName_260
id_259,firstName_259,lastName_259
id_258,firstName_258,lastName_258
id_257,firstName_257,lastName_257
id_256,firstName_256,lastName_256
id_255,firstName_255,lastName_255
id_254,firstName_254,lastName_254
id_253,firstName_253,lastName_253
id_252,firstName_252,lastName_252
id_251,firstName_251,lastName_251
id_250,firstName_250,lastName_250
id_249,firstName_249,lastName_249
id_248,firstName_248,lastName_248
id_247,firstName_247,lastName_247
id_246,firstName_246,lastName_246
id_245,firstName_245,lastName_245
id_244,firstName_244,lastName_244
id_243,firstName_243,lastName_243
id_242,firstName_242,lastName_242
id_241,firstName_241,lastName_241
id_240,firstName_240,lastName_240
id_239,firstName_239,lastName_239
id_238,firstName_238,lastName_238
id_237,firstName_237,lastName_237
id_236,firstName_236,lastName_236
id_235,firstName_235,lastName_235
id_234,firstName_234,lastName_234
id_233,firstName_233,lastName_233
id_232,firstName_232,lastName_232
id_231,firstName_231,lastName_231
id_230,firstName_230,lastName_230
id_229,firstName_229,lastName_229
id_228,firstName_228,lastName_228
id_227,firstName_227,lastName_227
id_226,firstName_226,lastName_226
id_225,firstName_225,lastName_225
id_224,firstName_224,lastName_224
id_223,firstName_223,lastName_223
id_222,firstName_222,lastName_222
id_221,firstName_221,lastName_221
id_220,firstName_220,lastName_220
id_219,firstName_219,lastName_219
id_218,firstName_218,lastName_218
id_217,firstName_217,lastName_217
id_216,firstName_216,lastName_216
id_215,firstName_215,lastName_215
id_214,firstName_214,lastName_214
id_213,firstName_213,lastName_213
id_212,firstName_212,lastName_212
id_211,firstName_211,lastName_211
id_210,firstName_210,lastName_210
id_209,firstName_209,lastName_209
id_208,firstName_208,lastName_208
id_207,firstName_207,lastName_207
id_206,firstName_206,lastName_206
id_205,firstName_205,lastName_205
id_204,firstName_204,lastName_204
id_203,firstName_203,lastName_203
id_202,firstName_202,lastName_202
id_201,firstName_201,lastName_201
id_200,firstName_200,lastName_200
id_199,firstName_199,lastName_199
id_198,firstName_198,lastName_198
id_197,firstName_197,lastName_197
id_196,firstName_196,lastName_196
id_195,firstName_195,lastName_195
id_194,firstName_194,lastName_194
id_193,firstName_193,lastName_193
id_192,firstName_192,lastName_192
id_191,firstName_191,lastName_191
id_190,firstName_190,lastName_190
id_189,firstName_189,lastName_189
id_188,firstName_188,lastName_188
id_187,firstName_187,lastName_187
id_186,firstName_186,lastName_186
id_185,firstName_185,lastName_185
id_184,firstName_184,lastName_184
id_183,firstName_183,lastName_183
id_182,firstName_182,lastName_182
id_181,firstName_181,lastName_181
id_180,firstName_180,lastName_180
id_179,firstName_179,lastName_179
id_178,firstName_178,lastName_178
id_177,firstName_177,lastName_177
id_176,firstName_176,lastName_176
id_175,firstName_175,lastName_175
id_174,firstName_174,lastName_174
id_173,firstName_173,lastName_173
id_172,firstName_172,lastName_172
id_171,firstName_171,lastName_171
id_170,firstName_170,lastName_170
id_169,firstName_169,lastName_169
id_168,firstName_168,lastName_168
id_167,firstName_167,lastName_167
id_166,firstName_166,lastName_166
id_165,firstName_165,lastName_165
id_164,firstName_164,lastName_164
id_163,firstName_163,lastName_163
id_162,firstName_162,lastName_162
id_161,firstName_161,lastName_161
id_160,firstName_160,lastName_160
id_159,firstName_159,lastName_159
id_158,firstName_158,lastName_158
id_157,firstName_157,lastName_157
id_156,firstName_156,lastName_156
id_155,firstName_155,lastName_155
id_154,firstName_154,lastName_154
id_153,firstName_153,lastName_153
id_152,firstName_152,lastName_152
id_151,firstName_151,lastName_151
id_150,firstName_150,lastName_150
id_149,firstName_149,lastName_149
id_148,firstName_148,lastName_148
id_147,firstName_147,lastName_147
id_146,firstName_146,lastName_146
id_145,firstName_145,lastName_145
id_144,firstName_144,lastName_144
id_143,firstName_143,lastName_143
id_142,firstName_142,lastName_142
id_141,firstName_141,lastName_141
id_140,firstName_140,lastName_140
id_139,firstName_139,lastName_139
id_138,firstName_138,lastName_138
id_137,firstName_137,lastName_137
id_136,firstName_136,lastName_136
id_135,firstName_135,lastName_135
id_134,firstName_134,lastName_134
id_133,firstName_133,lastName_133
id_132,firstName_132,lastName_132
id_131,firstName_131,lastName_131
id_130,firstName_130,lastName_130
id_129,firstName_129,lastName_129
id_128,firstName_128,lastName_128
id_127,firstName_127,lastName_127
id_126,firstName_126,lastName_126
id_125,firstName_125,lastName_125
id_124,firstName_124,lastName_124
id_123,firstName_123,lastName_123
id_122,firstName_122,lastName_122
id_121,firstName_121,lastName_121
id_120,firstName_120,lastName_120
id_119,firstName_119,lastName_119
id_118,firstName_118,lastName_118
id_117,firstName_117,lastName_117
id_116,firstName_116,lastName_116
id_115,firstName_115,lastName_115
id_114,firstName_114,lastName_114
id_113,firstName_113,lastName_113
id_112,firstName_112,lastName_112
id_111,firstName_111,lastName_111
id_110,firstName_110,lastName_110
id_109,firstName_109,lastName_109
id_108,firstName_108,lastName_108
id_107,firstName_107,lastName_107
id_106,firstName_106,lastName_106
id_105,firstName_105,lastName_105
id_104,firstName_104,lastName_104
id_103,firstName_103,lastName_103
id_102,firstName_102,lastName_102
id_101,firstName_101,lastName_101
id_100,firstName_100,lastName_100
id_99,firstName_99,lastName_99
id_98,firstName_98,lastName_98
id_97,firstName_97,lastName_97
id_96,firstName_96,lastName_96
id_95,firstName_95,lastName_95
id_94,firstName_94,lastName_94
id_93,firstName_93,lastName_93
id_92,firstName_92,lastName_92
id_91,firstName_91,lastName_91
id_90,firstName_90,lastName_90
id_89,firstName_89,lastName_89
id_88,firstName_88,lastName_88
id_87,firstName_87,lastName_87
id_86,firstName_86,lastName_86
id_85,firstName_85,lastName_85
id_84,firstName_84,lastName_84
id_83,firstName_83,lastName_83
id_82,firstName_82,lastName_82
id_81,firstName_81,lastName_81
id_80,firstName_80,lastName_80
id_79,firstName_79,lastName_79
id_78,firstName_78,lastName_78
id_77,firstName_77,lastName_77
id_76,firstName_76,lastName_76
id_75,firstName_75,lastName_75
id_74,firstName_74,lastName_74
id_73,firstName_73,lastName_73
id_72,firstName_72,lastName_72
id_71,firstName_71,lastName_71
id_70,firstName_70,lastName_70
id_69,firstName_69,lastName_69
id_68,firstName_68,lastName_68
id_67,firstName_67,lastName_67
id_66,firstName_66,lastName_66
id_65,firstName_65,lastName_65
id_64,firstName_64,lastName_64
id_63,firstName_63,lastName_63
id_62,firstName_62,lastName_62
id_61,firstName_61,lastName_61
id_60,firstName_60,lastName_60
id_59,firstName_59,lastName_59
id_58,firstName_58,lastName_58
id_57,firstName_57,lastName_57
id_56,firstName_56,lastName_56
id_55,firstName_55,lastName_55
id_54,firstName_54,lastName_54
id_53,firstName_53,lastName_53
id_52,firstName_52,lastName_52
id_51,firstName_51,lastName_51
id_50,firstName_50,lastName_50
id_49,firstName_49,lastName_49
id_48,firstName_48,lastName_48
id_47,firstName_47,lastName_47
id_46,firstName_46,lastName_46
id_45,firstName_45,lastName_45
id_44,firstName_44,lastName_44
id_43,firstName_43,lastName_43
id_42,firstName_42,lastName_42
id_41,firstName_41,lastName_41
id_40,firstName_40,lastName_40
id_39,firstName_39,lastName_39
id_38,firstName_38,lastName_38
id_37,firstName_37,lastName_37
id_36,firstName_36,lastName_36
id_35,firstName_35,lastName_35
id_34,firstName_34,lastName_34
id_33,firstName_33,lastName_33
id_32,firstName_32,lastName_32
id_31,firstName_31,lastName_31
id_30,firstName_30,lastName_30
id_29,firstName_29,lastName_29
id_28,firstName_28,lastName_28
id_27,firstName_27,lastName_27
id_26,firstName_26,lastName_26
id_25,firstName_25,lastName_25
id_24,firstName_24,lastName_24
id_23,firstName_23,lastName_23
id_22,firstName_22,lastName_22
id_21,firstName_21,lastName_21
id_20,firstName_20,lastName_20
id_19,firstName_19,lastName_19
id_18,firstName_18,lastName_18
id_17,firstName_17,lastName_17
id_16,firstName_16,lastName_16
id_15,firstName_15,lastName_15
id_14,firstName_14,lastName_14
id_13,firstName_13,lastName_13
id_12,firstName_12,lastName_12
id_11,firstName_11,lastName_11
id_10,firstName_10,lastName_10
id_9,firstName_9,lastName_9
id_8,firstName_8,lastName_8
id_7,firstName_7,lastName_7
id_6,firstName_6,lastName_6
id_5,firstName_5,lastName_5
id_4,firstName_4,lastName_4
id_3,firstName_3,lastName_3
id_2,firstName_2,lastName_2
id_1,firstName_1,lastName_1
id_0,firstName_0,lastName_0
