id,title
id_999,title_999
id_998,title_998
id_997,title_997
id_996,title_996
id_995,title_995
id_994,title_994
id_993,title_993
id_992,title_992
id_991,title_991
id_990,title_990
id_989,title_989
id_988,title_988
id_987,title_987
id_986,title_986
id_985,title_985
id_984,title_984
id_983,title_983
id_982,title_982
id_981,title_981
id_980,title_980
id_979,title_979
id_978,title_978
id_977,title_977
id_976,title_976
id_975,title_975
id_974,title_974
id_973,title_973
id_972,title_972
id_971,title_971
id_970,title_970
id_969,title_969
id_968,title_968
id_967,title_967
id_966,title_966
id_965,title_965
id_964,title_964
id_963,title_963
id_962,title_962
id_961,title_961
id_960,title_960
id_959,title_959
id_958,title_958
id_957,title_957
id_956,title_956
id_955,title_955
id_954,title_954
id_953,title_953
id_952,title_952
id_951,title_951
id_950,title_950
id_949,title_949
id_948,title_948
id_947,title_947
id_946,title_946
id_945,title_945
id_944,title_944
id_943,title_943
id_942,title_942
id_941,title_941
id_940,title_940
id_939,title_939
id_938,title_938
id_937,title_937
id_936,title_936
id_935,title_935
id_934,title_934
id_933,title_933
id_932,title_932
id_931,title_931
id_930,title_930
id_929,title_929
id_928,title_928
id_927,title_927
id_926,title_926
id_925,title_925
id_924,title_924
id_923,title_923
id_922,title_922
id_921,title_921
id_920,title_920
id_919,title_919
id_918,title_918
id_917,title_917
id_916,title_916
id_915,title_915
id_914,title_914
id_913,title_913
id_912,title_912
id_911,title_911
id_910,title_910
id_909,title_909
id_908,title_908
id_907,title_907
id_906,title_906
id_905,title_905
id_904,title_904
id_903,title_903
id_902,title_902
id_901,title_901
id_900,title_900
id_899,title_899
id_898,title_898
id_897,title_897
id_896,title_896
id_895,title_895
id_894,title_894
id_893,title_893
id_892,title_892
id_891,title_891
id_890,title_890
id_889,title_889
id_888,title_888
id_887,title_887
id_886,title_886
id_885,title_885
id_884,title_884
id_883,title_883
id_882,title_882
id_881,title_881
id_880,title_880
id_879,title_879
id_878,title_878
id_877,title_877
id_876,title_876
id_875,title_875
id_874,title_874
id_873,title_873
id_872,title_872
id_871,title_871
id_870,title_870
id_869,title_869
id_868,title_868
id_867,title_867
id_866,title_866
id_865,title_865
id_864,title_864
id_863,title_863
id_862,title_862
id_861,title_861
id_860,title_860
id_859,title_859
id_858,title_858
id_857,title_857
id_856,title_856
id_855,title_855
id_854,title_854
id_853,title_853
id_852,title_852
id_851,title_851
id_850,title_850
id_849,title_849
id_848,title_848
id_847,title_847
id_846,title_846
id_845,title_845
id_844,title_844
id_843,title_843
id_842,title_842
id_841,title_841
id_840,title_840
id_839,title_839
id_838,title_838
id_837,title_837
id_836,title_836
id_835,title_835
id_834,title_834
id_833,title_833
id_832,title_832
id_831,title_831
id_830,title_830
id_829,title_829
id_828,title_828
id_827,title_827
id_826,title_826
id_825,title_825
id_824,title_824
id_823,title_823
id_822,title_822
id_821,title_821
id_820,title_820
id_819,title_819
id_818,title_818
id_817,title_817
id_816,title_816
id_815,title_815
id_814,title_814
id_813,title_813
id_812,title_812
id_811,title_811
id_810,title_810
id_809,title_809
id_808,title_808
id_807,title_807
id_806,title_806
id_805,title_805
id_804,title_804
id_803,title_803
id_802,title_802
id_801,title_801
id_800,title_800
id_799,title_799
id_798,title_798
id_797,title_797
id_796,title_796
id_795,title_795
id_794,title_794
id_793,title_793
id_792,title_792
id_791,title_791
id_790,title_790
id_789,title_789
id_788,title_788
id_787,title_787
id_786,title_786
id_785,title_785
id_784,title_784
id_783,title_783
id_782,title_782
id_781,title_781
id_780,title_780
id_779,title_779
id_778,title_778
id_777,title_777
id_776,title_776
id_775,title_775
id_774,title_774
id_773,title_773
id_772,title_772
id_771,title_771
id_770,title_770
id_769,title_769
id_768,title_768
id_767,title_767
id_766,title_766
id_765,title_765
id_764,title_764
id_763,title_763
id_762,title_762
id_761,title_761
id_760,title_760
id_759,title_759
id_758,title_758
id_757,title_757
id_756,title_756
id_755,title_755
id_754,title_754
id_753,title_753
id_752,title_752
id_751,title_751
id_750,title_750
id_749,title_749
id_748,title_748
id_747,title_747
id_746,title_746
id_745,title_745
id_744,title_744
id_743,title_743
id_742,title_742
id_741,title_741
id_740,title_740
id_739,title_739
id_738,title_738
id_737,title_737
id_736,title_736
id_735,title_735
id_734,title_734
id_733,title_733
id_732,title_732
id_731,title_731
id_730,title_730
id_729,title_729
id_728,title_728
id_727,title_727
id_726,title_726
id_725,title_725
id_724,title_724
id_723,title_723
id_722,title_722
id_721,title_721
id_720,title_720
id_719,title_719
id_718,title_718
id_717,title_717
id_716,title_716
id_715,title_715
id_714,title_714
id_713,title_713
id_712,title_712
id_711,title_711
id_710,title_710
id_709,title_709
id_708,title_708
id_707,title_707
id_706,title_706
id_705,title_705
id_704,title_704
id_703,title_703
id_702,title_702
id_701,title_701
id_700,title_700
id_699,title_699
id_698,title_698
id_697,title_697
id_696,title_696
id_695,title_695
id_694,title_694
id_693,title_693
id_692,title_692
id_691,title_691
id_690,title_690
id_689,title_689
id_688,title_688
id_687,title_687
id_686,title_686
id_685,title_685
id_684,title_684
id_683,title_683
id_682,title_682
id_681,title_681
id_680,title_680
id_679,title_679
id_678,title_678
id_677,title_677
id_676,title_676
id_675,title_675
id_674,title_674
id_673,title_673
id_672,title_672
id_671,title_671
id_670,title_670
id_669,title_669
id_668,title_668
id_667,title_667
id_666,title_666
id_665,title_665
id_664,title_664
id_663,title_663
id_662,title_662
id_661,title_661
id_660,title_660
id_659,title_659
id_658,title_658
id_657,title_657
id_656,title_656
id_655,title_655
id_654,title_654
id_653,title_653
id_652,title_652
id_651,title_651
id_650,title_650
id_649,title_649
id_648,title_648
id_647,title_647
id_646,title_646
id_645,title_645
id_644,title_644
id_643,title_643
id_642,title_642
id_641,title_641
id_640,title_640
id_639,title_639
id_638,title_638
id_637,title_637
id_636,title_636
id_635,title_635
id_634,title_634
id_633,title_633
id_632,title_632
id_631,title_631
id_630,title_630
id_629,title_629
id_628,title_628
id_627,title_627
id_626,title_626
id_625,title_625
id_624,title_624
id_623,title_623
id_622,title_622
id_621,title_621
id_620,title_620
id_619,title_619
id_618,title_618
id_617,title_617
id_616,title_616
id_615,title_615
id_614,title_614
id_613,title_613
id_612,title_612
id_611,title_611
id_610,title_610
id_609,title_609
id_608,title_608
id_607,title_607
id_606,title_606
id_605,title_605
id_604,title_604
id_603,title_603
id_602,title_602
id_601,title_601
id_600,title_600
id_599,title_599
id_598,title_598
id_597,title_597
id_596,title_596
id_595,title_595
id_594,title_594
id_593,title_593
id_592,title_592
id_591,title_591
id_590,title_590
id_589,title_589
id_588,title_588
id_587,title_587
id_586,title_586
id_585,title_585
id_584,title_584
id_583,title_583
id_582,title_582
id_581,title_581
id_580,title_580
id_579,title_579
id_578,title_578
id_577,title_577
id_576,title_576
id_575,title_575
id_574,title_574
id_573,title_573
id_572,title_572
id_571,title_571
id_570,title_570
id_569,title_569
id_568,title_568
id_567,title_567
id_566,title_566
id_565,title_565
id_564,title_564
id_563,title_563
id_562,title_562
id_561,title_561
id_560,title_560
id_559,title_559
id_558,title_558
id_557,title_557
id_556,title_556
id_555,title_555
id_554,title_554
id_553,title_553
id_552,title_552
id_551,title_551
id_550,title_550
id_549,title_549
id_548,title_548
id_547,title_547
id_546,title_546
id_545,title_545
id_544,title_544
id_543,title_543
id_542,title_542
id_541,title_541
id_540,title_540
id_539,title_539
id_538,title_538
id_537,title_537
id_536,title_536
id_535,title_535
id_534,title_534
id_533,title_533
id_532,title_532
id_531,title_531
id_530,title_530
id_529,title_529
id_528,title_528
id_527,title_527
id_526,title_526
id_525,title_525
id_524,title_524
id_523,title_523
id_522,title_522
id_521,title_521
id_520,title_520
id_519,title_519
id_518,title_518
id_517,title_517
id_516,title_516
id_515,title_515
id_514,title_514
id_513,title_513
id_512,title_512
id_511,title_511
id_510,title_510
id_509,title_509
id_508,title_508
id_507,title_507
id_506,title_506
id_505,title_505
id_504,title_504
id_503,title_503
id_502,title_502
id_501,title_501
id_500,title_500
id_499,title_499
id_498,title_498
id_497,title_497
id_496,title_496
id_495,title_495
id_494,title_494
id_493,title_493
id_492,title_492
id_491,title_491
id_490,title_490
id_489,title_489
id_488,title_488
id_487,title_487
id_486,title_486
id_485,title_485
id_484,title_484
id_483,title_483
id_482,title_482
id_481,title_481
id_480,title_480
id_479,title_479
id_478,title_478
id_477,title_477
id_476,title_476
id_475,title_475
id_474,title_474
id_473,title_473
id_472,title_472
id_471,title_471
id_470,title_470
id_469,title_469
id_468,title_468
id_467,title_467
id_466,title_466
id_465,title_465
id_464,title_464
id_463,title_463
id_462,title_462
id_461,title_461
id_460,title_460
id_459,title_459
id_458,title_458
id_457,title_457
id_456,title_456
id_455,title_455
id_454,title_454
id_453,title_453
id_452,title_452
id_451,title_451
id_450,title_450
id_449,title_449
id_448,title_448
id_447,title_447
id_446,title_446
id_445,title_445
id_444,title_444
id_443,title_443
id_442,title_442
id_441,title_441
id_440,title_440
id_439,title_439
id_438,title_438
id_437,title_437
id_436,title_436
id_435,title_435
id_434,title_434
id_433,title_433
id_432,title_432
id_431,title_431
id_430,title_430
id_429,title_429
id_428,title_428
id_427,title_427
id_426,title_426
id_425,title_425
id_424,title_424
id_423,title_423
id_422,title_422
id_421,title_421
id_420,title_420
id_419,title_419
id_418,title_418
id_417,title_417
id_416,title_416
id_415,title_415
id_414,title_414
id_413,title_413
id_412,title_412
id_411,title_411
id_410,title_410
id_409,title_409
id_408,title_408
id_407,title_407
id_406,title_406
id_405,title_405
id_404,title_404
id_403,title_403
id_402,title_402
id_401,title_401
id_400,title_400
id_399,title_399
id_398,title_398
id_397,title_397
id_396,title_396
id_395,title_395
id_394,title_394
id_393,title_393
id_392,title_392
id_391,title_391
id_390,title_390
id_389,title_389
id_388,title_388
id_387,title_387
id_386,title_386
id_385,title_385
id_384,title_384
id_383,title_383
id_382,title_382
id_381,title_381
id_380,title_380
id_379,title_379
id_378,title_378
id_377,title_377
id_376,title_376
id_375,title_375
id_374,title_374
id_373,title_373
id_372,title_372
id_371,title_371
id_370,title_370
id_369,title_369
id_368,title_368
id_367,title_367
id_366,title_366
id_365,title_365
id_364,title_364
id_363,title_363
id_362,title_362
id_361,title_361
id_360,title_360
id_359,title_359
id_358,title_358
id_357,title_357
id_356,title_356
id_355,title_355
id_354,title_354
id_353,title_353
id_352,title_352
id_351,title_351
id_350,title_350
id_349,title_349
id_348,title_348
id_347,title_347
id_346,title_346
id_345,title_345
id_344,title_344
id_343,title_343
id_342,title_342
id_341,title_341
id_340,title_340
id_339,title_339
id_338,title_338
id_337,title_337
id_336,title_336
id_335,title_335
id_334,title_334
id_333,title_333
id_332,title_332
id_331,title_331
id_330,title_330
id_329,title_329
id_328,title_328
id_327,title_327
id_326,title_326
id_325,title_325
id_324,title_324
id_323,title_323
id_322,title_322
id_321,title_321
id_320,title_320
id_319,title_319
id_318,title_318
id_317,title_317
id_316,title_316
id_315,title_315
id_314,title_314
id_313,title_313
id_312,title_312
id_311,title_311
id_310,title_310
id_309,title_309
id_308,title_308
id_307,title_307
id_306,title_306
id_305,title_305
id_304,title_304
id_303,title_303
id_302,title_302
id_301,title_301
id_300,title_300
id_299,title_299
id_298,title_298
id_297,title_297
id_296,title_296
id_295,title_295
id_294,title_294
id_293,title_293
id_292,title_292
id_291,title_291
id_290,title_290
id_289,title_289
id_288,title_288
id_287,title_287
id_286,title_286
id_285,title_285
id_284,title_284
id_283,title_283
id_282,title_282
id_281,title_281
id_280,title_280
id_279,title_279
id_278,title_278
id_277,title_277
id_276,title_276
id_275,title_275
id_274,title_274
id_273,title_273
id_272,title_272
id_271,title_271
id_270,title_270
id_269,title_269
id_268,title_268
id_267,title_267
id_266,title_266
id_265,title_265
id_264,title_264
id_263,title_263
id_262,title_262
id_261,title_261
id_260,title_260
id_259,title_259
id_258,title_258
id_257,title_257
id_256,title_256
id_255,title_255
id_254,title_254
id_253,title_253
id_252,title_252
id_251,title_251
id_250,title_250
id_249,title_249
id_248,title_248
id_247,title_247
id_246,title_246
id_245,title_245
id_244,title_244
id_243,title_243
id_242,title_242
id_241,title_241
id_240,title_240
id_239,title_239
id_238,title_238
id_237,title_237
id_236,title_236
id_235,title_235
id_234,title_234
id_233,title_233
id_232,title_232
id_231,title_231
id_230,title_230
id_229,title_229
id_228,title_228
id_227,title_227
id_226,title_226
id_225,title_225
id_224,title_224
id_223,title_223
id_222,title_222
id_221,title_221
id_220,title_220
id_219,title_219
id_218,title_218
id_217,title_217
id_216,title_216
id_215,title_215
id_214,title_214
id_213,title_213
id_212,title_212
id_211,title_211
id_210,title_210
id_209,title_209
id_208,title_208
id_207,title_207
id_206,title_206
id_205,title_205
id_204,title_204
id_203,title_203
id_202,title_202
id_201,title_201
id_200,title_200
id_199,title_199
id_198,title_198
id_197,title_197
id_196,title_196
id_195,title_195
id_194,title_194
id_193,title_193
id_192,title_192
id_191,title_191
id_190,title_190
id_189,title_189
id_188,title_188
id_187,title_187
id_186,title_186
id_185,title_185
id_184,title_184
id_183,title_183
id_182,title_182
id_181,title_181
id_180,title_180
id_179,title_179
id_178,title_178
id_177,title_177
id_176,title_176
id_175,title_175
id_174,title_174
id_173,title_173
id_172,title_172
id_171,title_171
id_170,title_170
id_169,title_169
id_168,title_168
id_167,title_167
id_166,title_166
id_165,title_165
id_164,title_164
id_163,title_163
id_162,title_162
id_161,title_161
id_160,title_160
id_159,title_159
id_158,title_158
id_157,title_157
id_156,title_156
id_155,title_155
id_154,title_154
id_153,title_153
id_152,title_152
id_151,title_151
id_150,title_150
id_149,title_149
id_148,title_148
id_147,title_147
id_146,title_146
id_145,title_145
id_144,title_144
id_143,title_143
id_142,title_142
id_141,title_141
id_140,title_140
id_139,title_139
id_138,title_138
id_137,title_137
id_136,title_136
id_135,title_135
id_134,title_134
id_133,title_133
id_132,title_132
id_131,title_131
id_130,title_130
id_129,title_129
id_128,title_128
id_127,title_127
id_126,title_126
id_125,title_125
id_124,title_124
id_123,title_123
id_122,title_122
id_121,title_121
id_120,title_120
id_119,title_119
id_118,title_118
id_117,title_117
id_116,title_116
id_115,title_115
id_114,title_114
id_113,title_113
id_112,title_112
id_111,title_111
id_110,title_110
id_109,title_109
id_108,title_108
id_107,title_107
id_106,title_106
id_105,title_105
id_104,title_104
id_103,title_103
id_102,title_102
id_101,title_101
id_100,title_100
id_99,title_99
id_98,title_98
id_97,title_97
id_96,title_96
id_95,title_95
id_94,title_94
id_93,title_93
id_92,title_92
id_91,title_91
id_90,title_90
id_89,title_89
id_88,title_88
id_87,title_87
id_86,title_86
id_85,title_85
id_84,title_84
id_83,title_83
id_82,title_82
id_81,title_81
id_80,title_80
id_79,title_79
id_78,title_78
id_77,title_77
id_76,title_76
id_75,title_75
id_74,title_74
id_73,title_73
id_72,title_72
id_71,title_71
id_70,title_70
id_69,title_69
id_68,title_68
id_67,title_67
id_66,title_66
id_65,title_65
id_64,title_64
id_63,title_63
id_62,title_62
id_61,title_61
id_60,title_60
id_59,title_59
id_58,title_58
id_57,title_57
id_56,title_56
id_55,title_55
id_54,title_54
id_53,title_53
id_52,title_52
id_51,title_51
id_50,title_50
id_49,title_49
id_48,title_48
id_47,title_47
id_46,title_46
id_45,title_45
id_44,title_44
id_43,title_43
id_42,title_42
id_41,title_41
id_40,title_40
id_39,title_39
id_38,title_38
id_37,title_37
id_36,title_36
id_35,title_35
id_34,title_34
id_33,title_33
id_32,title_32
id_31,title_31
id_30,title_30
id_29,title_29
id_28,title_28
id_27,title_27
id_26,title_26
id_25,title_25
id_24,title_24
id_23,title_23
id_22,title_22
id_21,title_21
id_20,title_20
id_19,title_19
id_18,title_18
id_17,title_17
id_16,title_16
id_15,title_15
id_14,title_14
id_13,title_13
id_12,title_12
id_11,title_11
id_10,title_10
id_9,title_9
id_8,title_8
id_7,title_7
id_6,title_6
id_5,title_5
id_4,title_4
id_3,title_3
id_2,title_2
id_1,title_1
id_0,title_0
